"id","title","test case id","author","assignee","actual result","status","milestone","severity","external issues","attachments","tags"
"30","Special Character is allowed","24","Alina Mihincau","Popescu Gabriela","Special Character should not be allowed","Open","","Not set","","",""
"23","The user can't enters a value <1 or a decimal value.","8","Alina Mihincau","Andreea Creta","If the user enters a value <1 or a decimal value, it will not appear in the transaction field.","Open","","Normal","","",""
"22","The transaction is deleted without consent.","16","Alina Mihincau","Alina Mihincau","The transaction is deleted without any question( see the screenshot)","Open","","Critical","","",""
"20","The user cannot log in through their Google account.","4","Alina Mihincau","Alina Mihincau","When the user tries to log in with his Google account, after following all the steps, a message appears (see screenshot) and the process is interrupted.","Open","","Major","","",""
"19","Profile page it's not opening with the special character in the Password field.","29","Popa Radu","Popa Radu","The user cannot log in when invalid values (space) or a single character are entered in the Password field.","Open","","Normal","","",""
"18","Authorized user gets logged out","27","Alexandru Istrate","Alexandru Istrate","Authorized user gets logged out with displayed error of ""Not Found"" after a period of innactivity.","Open","","Blocker","","https://d2cxucsjd6xvsd.cloudfront.net/public/team/4eb259e8146da956d1ac903f2734caabe7d57e29/attachment/e28e851e664605e822cd8047ec7186d6c3dd507e/Screenshot%202024-05-22%20144158.png",""
"15","It is not possible to select the graphical representation for several categories at the same time.","26","Alexandru Istrate","Alexandru Istrate","The user cannot select multiple categories in the Income/Expense slide on the Reports page. Only one categorie can be selected.","Open","","Major","","https://d2cxucsjd6xvsd.cloudfront.net/public/team/4eb259e8146da956d1ac903f2734caabe7d57e29/attachment/90af4f0b6bf08a5213f61606775dd04de18c12c8/Screenshot%202024-05-22%20144451.png",""
"13","The user cannot see in Summary months from other years.","22","Alexandra Marin","Alexandra Marin","The months for the chosen year 2023 are not in the Summary table","Open","","Major","","https://d2cxucsjd6xvsd.cloudfront.net/public/team/4eb259e8146da956d1ac903f2734caabe7d57e29/attachment/d05b68165d39d3a2e73ae34c43ed0ee5e55e28b3/Screenshot%202024-05-23%20at%201.12.11%E2%80%AFPM.png",""
"12","Scroll is not working to navigate through the list.","21","Alexandra Marin","Alexandra Marin","The orange scroll is not working to navigate through the list","Open","","Major","","https://d2cxucsjd6xvsd.cloudfront.net/public/team/4eb259e8146da956d1ac903f2734caabe7d57e29/attachment/7b6b5e883889c06f8d7204c349a8b309f01ce99b/Screenshot%202024-05-23%20at%201.04.16%E2%80%AFPM.png",""
"8","Description field, allowing special characters","","Alexandra Marin","Popescu Gabriela","Description field, allowing special characters even if it should not.","Open","","Major","","https://d2cxucsjd6xvsd.cloudfront.net/public/team/4eb259e8146da956d1ac903f2734caabe7d57e29/attachment/19b85762c1b95288ab84bd49290f75125be62100/Screenshot%202024-05-23%20at%2011.45.53%E2%80%AFAM.png",""
"7","Description with more than 20 Characters should not be allowed","","Alexandra Marin","Popescu Gabriela","27 Characters allowed","Open","","Normal","","https://d2cxucsjd6xvsd.cloudfront.net/public/team/4eb259e8146da956d1ac903f2734caabe7d57e29/attachment/4ce71ffe633c8bd08a6a848cd5d54321391867cd/Screenshot%202024-05-23%20at%2011.44.23%E2%80%AFAM.png",""
